PRAGMA foreign_keys=OFF;
BEGIN TRANSACTION;
CREATE TABLE IF NOT EXISTS "django_migrations" ("id" integer NOT NULL PRIMARY KEY AUTOINCREMENT, "app" varchar(255) NOT NULL, "name" varchar(255) NOT NULL, "applied" datetime NOT NULL);
INSERT INTO django_migrations VALUES(1,'contenttypes','0001_initial','2024-06-19 14:39:41.357938');
INSERT INTO django_migrations VALUES(2,'auth','0001_initial','2024-06-19 14:39:41.382346');
INSERT INTO django_migrations VALUES(3,'admin','0001_initial','2024-06-19 14:39:41.409840');
INSERT INTO django_migrations VALUES(4,'admin','0002_logentry_remove_auto_add','2024-06-19 14:39:41.422591');
INSERT INTO django_migrations VALUES(5,'admin','0003_logentry_add_action_flag_choices','2024-06-19 14:39:41.435997');
INSERT INTO django_migrations VALUES(6,'contenttypes','0002_remove_content_type_name','2024-06-19 14:39:41.459029');
INSERT INTO django_migrations VALUES(7,'auth','0002_alter_permission_name_max_length','2024-06-19 14:39:41.475306');
INSERT INTO django_migrations VALUES(8,'auth','0003_alter_user_email_max_length','2024-06-19 14:39:41.499466');
INSERT INTO django_migrations VALUES(9,'auth','0004_alter_user_username_opts','2024-06-19 14:39:41.511609');
INSERT INTO django_migrations VALUES(10,'auth','0005_alter_user_last_login_null','2024-06-19 14:39:41.524397');
INSERT INTO django_migrations VALUES(11,'auth','0006_require_contenttypes_0002','2024-06-19 14:39:41.528968');
INSERT INTO django_migrations VALUES(12,'auth','0007_alter_validators_add_error_messages','2024-06-19 14:39:41.539608');
INSERT INTO django_migrations VALUES(13,'auth','0008_alter_user_username_max_length','2024-06-19 14:39:41.551781');
INSERT INTO django_migrations VALUES(14,'auth','0009_alter_user_last_name_max_length','2024-06-19 14:39:41.565371');
INSERT INTO django_migrations VALUES(15,'auth','0010_alter_group_name_max_length','2024-06-19 14:39:41.579094');
INSERT INTO django_migrations VALUES(16,'auth','0011_update_proxy_permissions','2024-06-19 14:39:41.593510');
INSERT INTO django_migrations VALUES(17,'auth','0012_alter_user_first_name_max_length','2024-06-19 14:39:41.612919');
INSERT INTO django_migrations VALUES(18,'sessions','0001_initial','2024-06-19 14:39:41.631219');
INSERT INTO django_migrations VALUES(19,'leave','0001_initial','2024-06-19 15:02:15.789978');
INSERT INTO django_migrations VALUES(20,'leave','0002_auto_20240619_1608','2024-06-19 16:08:35.512414');
INSERT INTO django_migrations VALUES(21,'leave','0003_department_employee','2024-06-22 19:31:14.801388');
INSERT INTO django_migrations VALUES(22,'leave','0004_aprroved_leave','2024-06-29 05:48:36.719024');
INSERT INTO django_migrations VALUES(23,'leave','0005_auto_20240629_0858','2024-06-29 08:59:08.320049');
INSERT INTO django_migrations VALUES(24,'leave','0006_leavetype_number_of_days','2024-06-29 16:38:43.822577');
INSERT INTO django_migrations VALUES(25,'leave','0007_auto_20240629_1751','2024-06-29 17:51:55.869349');
INSERT INTO django_migrations VALUES(26,'leave','0008_employee_staff_id','2024-06-29 18:02:41.224668');
INSERT INTO django_migrations VALUES(27,'leave','0009_auto_20240629_1924','2024-06-29 19:24:29.833244');
INSERT INTO django_migrations VALUES(28,'leave','0010_employee_start_day','2024-06-30 13:03:18.669343');
INSERT INTO django_migrations VALUES(29,'leave','0011_alter_leave_balancer_employee','2024-06-30 13:08:48.996480');
INSERT INTO django_migrations VALUES(30,'leave','0012_remove_leave_user_leave_employee','2024-06-30 14:31:09.599261');
INSERT INTO django_migrations VALUES(31,'leave','0013_rename_aprroved_leave_approved_leave','2024-06-30 18:36:35.814645');
INSERT INTO django_migrations VALUES(32,'leave','0014_leave_image','2024-07-03 17:51:57.355098');
INSERT INTO django_migrations VALUES(33,'leave','0015_alter_leave_image','2024-07-03 18:21:15.457931');
INSERT INTO django_migrations VALUES(34,'leave','0016_rename_start_day_employee_date_joined_and_more','2024-07-05 05:25:58.475855');
INSERT INTO django_migrations VALUES(35,'leave','0017_rename_leave_type_leavetype_type','2024-07-05 05:41:24.372527');
INSERT INTO django_migrations VALUES(36,'leave','0018_rename_type_leavetype_name','2024-07-05 05:43:48.870267');
CREATE TABLE IF NOT EXISTS "auth_group_permissions" ("id" integer NOT NULL PRIMARY KEY AUTOINCREMENT, "group_id" integer NOT NULL REFERENCES "auth_group" ("id") DEFERRABLE INITIALLY DEFERRED, "permission_id" integer NOT NULL REFERENCES "auth_permission" ("id") DEFERRABLE INITIALLY DEFERRED);
INSERT INTO auth_group_permissions VALUES(1,1,1);
INSERT INTO auth_group_permissions VALUES(2,1,2);
INSERT INTO auth_group_permissions VALUES(3,1,3);
INSERT INTO auth_group_permissions VALUES(4,1,4);
INSERT INTO auth_group_permissions VALUES(5,1,5);
INSERT INTO auth_group_permissions VALUES(6,1,6);
INSERT INTO auth_group_permissions VALUES(7,1,7);
INSERT INTO auth_group_permissions VALUES(8,1,8);
INSERT INTO auth_group_permissions VALUES(9,1,9);
INSERT INTO auth_group_permissions VALUES(10,1,10);
INSERT INTO auth_group_permissions VALUES(11,1,11);
INSERT INTO auth_group_permissions VALUES(12,1,12);
INSERT INTO auth_group_permissions VALUES(13,1,13);
INSERT INTO auth_group_permissions VALUES(14,1,14);
INSERT INTO auth_group_permissions VALUES(15,1,15);
INSERT INTO auth_group_permissions VALUES(16,1,16);
INSERT INTO auth_group_permissions VALUES(17,1,17);
INSERT INTO auth_group_permissions VALUES(18,1,18);
INSERT INTO auth_group_permissions VALUES(19,1,19);
INSERT INTO auth_group_permissions VALUES(20,1,20);
INSERT INTO auth_group_permissions VALUES(21,1,21);
INSERT INTO auth_group_permissions VALUES(22,1,22);
INSERT INTO auth_group_permissions VALUES(23,1,23);
INSERT INTO auth_group_permissions VALUES(24,1,24);
INSERT INTO auth_group_permissions VALUES(25,1,25);
INSERT INTO auth_group_permissions VALUES(26,1,26);
INSERT INTO auth_group_permissions VALUES(27,1,27);
INSERT INTO auth_group_permissions VALUES(28,1,28);
INSERT INTO auth_group_permissions VALUES(29,1,29);
INSERT INTO auth_group_permissions VALUES(30,1,30);
INSERT INTO auth_group_permissions VALUES(31,1,31);
INSERT INTO auth_group_permissions VALUES(32,1,32);
INSERT INTO auth_group_permissions VALUES(33,1,33);
INSERT INTO auth_group_permissions VALUES(34,1,34);
INSERT INTO auth_group_permissions VALUES(35,1,35);
INSERT INTO auth_group_permissions VALUES(36,1,36);
CREATE TABLE IF NOT EXISTS "auth_user_groups" ("id" integer NOT NULL PRIMARY KEY AUTOINCREMENT, "user_id" integer NOT NULL REFERENCES "auth_user" ("id") DEFERRABLE INITIALLY DEFERRED, "group_id" integer NOT NULL REFERENCES "auth_group" ("id") DEFERRABLE INITIALLY DEFERRED);
INSERT INTO auth_user_groups VALUES(2,4,1);
INSERT INTO auth_user_groups VALUES(3,5,1);
CREATE TABLE IF NOT EXISTS "auth_user_user_permissions" ("id" integer NOT NULL PRIMARY KEY AUTOINCREMENT, "user_id" integer NOT NULL REFERENCES "auth_user" ("id") DEFERRABLE INITIALLY DEFERRED, "permission_id" integer NOT NULL REFERENCES "auth_permission" ("id") DEFERRABLE INITIALLY DEFERRED);
CREATE TABLE IF NOT EXISTS "django_admin_log" ("id" integer NOT NULL PRIMARY KEY AUTOINCREMENT, "action_time" datetime NOT NULL, "object_id" text NULL, "object_repr" varchar(200) NOT NULL, "change_message" text NOT NULL, "content_type_id" integer NULL REFERENCES "django_content_type" ("id") DEFERRABLE INITIALLY DEFERRED, "user_id" integer NOT NULL REFERENCES "auth_user" ("id") DEFERRABLE INITIALLY DEFERRED, "action_flag" smallint unsigned NOT NULL CHECK ("action_flag" >= 0));
INSERT INTO django_admin_log VALUES(20,'2024-06-28 16:49:55.861339','6','dina','[{"added": {}}]',4,5,1);
INSERT INTO django_admin_log VALUES(21,'2024-06-28 16:50:34.694575','6','dina','[{"changed": {"fields": ["First name", "Last name", "Email address", "Date joined"]}}]',4,5,2);
INSERT INTO django_admin_log VALUES(22,'2024-06-28 16:51:21.084812','7','veronica','[{"added": {}}]',4,5,1);
INSERT INTO django_admin_log VALUES(23,'2024-06-28 16:52:04.443944','7','veronica','[{"changed": {"fields": ["First name", "Last name", "Email address", "Date joined"]}}]',4,5,2);
INSERT INTO django_admin_log VALUES(24,'2024-06-28 16:52:44.246489','5','Rupal','[{"changed": {"fields": ["First name", "Last name", "Email address", "Groups"]}}]',4,5,2);
INSERT INTO django_admin_log VALUES(25,'2024-06-28 17:22:58.028061','15','(<User: dina>, <LeaveType: SickLeave>)','',7,5,3);
INSERT INTO django_admin_log VALUES(26,'2024-06-28 17:22:58.043029','13','(<User: dina>, <LeaveType: SickLeave>)','',7,5,3);
INSERT INTO django_admin_log VALUES(27,'2024-06-28 17:22:58.048867','9','(<User: ty2>, <LeaveType: SickLeave>)','',7,5,3);
INSERT INTO django_admin_log VALUES(28,'2024-06-29 16:39:17.283099','2','PaidLeave','',8,5,3);
INSERT INTO django_admin_log VALUES(29,'2024-06-29 16:39:17.298195','1','SickLeave','',8,5,3);
INSERT INTO django_admin_log VALUES(30,'2024-06-29 16:39:44.526126','3','Compulsory leave','[{"added": {}}]',8,5,1);
INSERT INTO django_admin_log VALUES(31,'2024-06-29 16:39:59.387476','4','sick leave','[{"added": {}}]',8,5,1);
INSERT INTO django_admin_log VALUES(32,'2024-06-29 16:40:31.086741','5','general leaves','[{"added": {}}]',8,5,1);
INSERT INTO django_admin_log VALUES(33,'2024-06-29 16:41:07.177271','6','paternity','[{"added": {}}]',8,5,1);
INSERT INTO django_admin_log VALUES(34,'2024-06-29 16:42:18.021131','7','maternity','[{"added": {}}]',8,5,1);
INSERT INTO django_admin_log VALUES(35,'2024-06-29 17:53:42.790401','1','sales Department','[{"added": {}}]',11,5,1);
INSERT INTO django_admin_log VALUES(36,'2024-06-29 17:53:49.742096','2','It department','[{"added": {}}]',11,5,1);
INSERT INTO django_admin_log VALUES(37,'2024-06-29 17:54:02.193308','1','babadogo','[{"added": {}}]',13,5,1);
INSERT INTO django_admin_log VALUES(38,'2024-06-29 17:54:16.909794','2','babadogo','[{"added": {}}]',13,5,1);
INSERT INTO django_admin_log VALUES(39,'2024-06-29 17:55:55.861298','8','collins','[{"added": {}}]',4,5,1);
INSERT INTO django_admin_log VALUES(40,'2024-06-29 17:56:45.222127','1','Employee object (1)','[{"added": {}}]',10,5,1);
INSERT INTO django_admin_log VALUES(41,'2024-06-29 19:19:15.991369','3','owino','',10,5,3);
INSERT INTO django_admin_log VALUES(42,'2024-06-29 19:19:16.005916','2','TEEN','',10,5,3);
INSERT INTO django_admin_log VALUES(43,'2024-06-29 19:19:16.010464','1','collins','',10,5,3);
INSERT INTO django_admin_log VALUES(44,'2024-06-30 13:03:40.111023','1','TEEN','',10,5,3);
INSERT INTO django_admin_log VALUES(45,'2024-06-30 13:09:38.683388','2','cowso','',10,5,3);
INSERT INTO django_admin_log VALUES(46,'2024-06-30 13:18:19.541919','4','TEEN','',10,5,3);
INSERT INTO django_admin_log VALUES(47,'2024-06-30 13:18:19.561438','3','Tow','',10,5,3);
INSERT INTO django_admin_log VALUES(48,'2024-06-30 13:21:08.527654','5','TEEN2','',10,5,3);
INSERT INTO django_admin_log VALUES(49,'2024-06-30 13:22:00.935356','6','TEEN2','',10,5,3);
INSERT INTO django_admin_log VALUES(50,'2024-06-30 13:34:41.774862','8','TEEN22','',10,5,3);
INSERT INTO django_admin_log VALUES(51,'2024-06-30 13:34:41.790385','7','yakub','',10,5,3);
INSERT INTO django_admin_log VALUES(52,'2024-06-30 14:00:33.151016','9','TEEN222','',10,5,3);
INSERT INTO django_admin_log VALUES(53,'2024-06-30 14:38:51.576657','1','(<Employee: Talib>, <LeaveType: Compulsory leave>)','[{"added": {}}]',7,5,1);
INSERT INTO django_admin_log VALUES(54,'2024-06-30 14:39:29.000130','1','(<Employee: Talib>, <LeaveType: Compulsory leave>)','[]',7,5,2);
INSERT INTO django_admin_log VALUES(55,'2024-06-30 14:40:43.188467','1','(<Employee: Talib>, <LeaveType: Compulsory leave>)','[{"changed": {"fields": ["Status"]}}]',7,5,2);
INSERT INTO django_admin_log VALUES(56,'2024-07-01 16:54:13.347761','3','Compulsory leave','',8,5,3);
INSERT INTO django_admin_log VALUES(57,'2024-07-01 16:57:09.074655','8','Compulsory leave','[{"added": {}}]',8,5,1);
INSERT INTO django_admin_log VALUES(58,'2024-07-01 17:18:18.399857','16','Talib Compulsory leave','[{"added": {}}]',14,5,1);
INSERT INTO django_admin_log VALUES(59,'2024-07-03 18:23:56.811296','7','(<Employee: Talib>, <LeaveType: Compulsory leave>)','[{"added": {}}]',7,5,1);
INSERT INTO django_admin_log VALUES(60,'2024-07-05 05:27:25.575097','8','collins','',4,5,3);
INSERT INTO django_admin_log VALUES(61,'2024-07-05 05:27:25.579324','11','cowso','',4,5,3);
INSERT INTO django_admin_log VALUES(62,'2024-07-05 05:27:25.585085','6','dina','',4,5,3);
INSERT INTO django_admin_log VALUES(63,'2024-07-05 05:27:25.590063','9','owino','',4,5,3);
INSERT INTO django_admin_log VALUES(64,'2024-07-05 05:27:25.594360','10','teen','',4,5,3);
INSERT INTO django_admin_log VALUES(65,'2024-07-05 05:27:25.599126','13','teen2','',4,5,3);
INSERT INTO django_admin_log VALUES(66,'2024-07-05 05:27:25.604544','15','teen22','',4,5,3);
INSERT INTO django_admin_log VALUES(67,'2024-07-05 05:27:25.608810','16','teen222','',4,5,3);
INSERT INTO django_admin_log VALUES(68,'2024-07-05 05:27:25.612845','12','tow','',4,5,3);
INSERT INTO django_admin_log VALUES(69,'2024-07-05 05:27:25.618330','2','ty2','',4,5,3);
INSERT INTO django_admin_log VALUES(70,'2024-07-05 05:27:25.622648','7','veronica','',4,5,3);
INSERT INTO django_admin_log VALUES(71,'2024-07-05 05:27:25.626747','14','yakub','',4,5,3);
INSERT INTO django_admin_log VALUES(72,'2024-07-05 06:06:30.982513','26','Bella Compulsory leave','[{"changed": {"fields": ["Remaining days"]}}]',14,5,2);
INSERT INTO django_admin_log VALUES(73,'2024-07-05 06:15:47.173050','26','Bella Compulsory leave','[{"changed": {"fields": ["Remaining days"]}}]',14,5,2);
INSERT INTO django_admin_log VALUES(74,'2024-07-05 06:17:44.606021','12','(<Employee: Bella>, <LeaveType: Compulsory leave>)','[{"added": {}}]',7,5,1);
INSERT INTO django_admin_log VALUES(75,'2024-07-05 06:18:53.435543','26','Bella Compulsory leave','[{"changed": {"fields": ["Remaining days"]}}]',14,5,2);
INSERT INTO django_admin_log VALUES(76,'2024-07-05 07:15:54.038479','7','(<Employee: Talib>, <LeaveType: Compulsory leave>)','',7,5,3);
INSERT INTO django_admin_log VALUES(77,'2024-07-05 08:41:16.385009','12','Talib sick leave','[{"changed": {"fields": ["Remaining days"]}}]',14,5,2);
INSERT INTO django_admin_log VALUES(78,'2024-07-05 08:55:34.812765','5','general leaves','[{"changed": {"fields": ["Number of days"]}}]',8,5,2);
INSERT INTO django_admin_log VALUES(79,'2024-07-05 09:59:52.073056','14','(<Employee: Bella>, <LeaveType: Compulsory leave>)','',7,5,3);
INSERT INTO django_admin_log VALUES(80,'2024-07-10 16:25:45.657918','15','(<Employee: Bella>, <LeaveType: Compulsory leave>)','[{"added": {}}]',7,5,1);
INSERT INTO django_admin_log VALUES(81,'2024-07-15 05:33:19.155814','11','Dinah','[{"changed": {"fields": ["Position", "Date joined"]}}]',10,5,2);
INSERT INTO django_admin_log VALUES(82,'2024-07-15 05:33:53.638030','17','Dinah sick leave','[{"changed": {"fields": ["Remaining days"]}}]',14,5,2);
INSERT INTO django_admin_log VALUES(83,'2024-07-15 05:35:20.917964','18','Dinah general leaves','[{"changed": {"fields": ["Remaining days"]}}]',14,5,2);
INSERT INTO django_admin_log VALUES(84,'2024-07-22 19:09:14.862965','8','Annual leave','[{"changed": {"fields": ["Name"]}}]',8,5,2);
INSERT INTO django_admin_log VALUES(85,'2024-07-22 19:16:29.104739','5','unpaid leave','[{"changed": {"fields": ["Name"]}}]',8,5,2);
CREATE TABLE IF NOT EXISTS "django_content_type" ("id" integer NOT NULL PRIMARY KEY AUTOINCREMENT, "app_label" varchar(100) NOT NULL, "model" varchar(100) NOT NULL);
INSERT INTO django_content_type VALUES(1,'admin','logentry');
INSERT INTO django_content_type VALUES(2,'auth','permission');
INSERT INTO django_content_type VALUES(3,'auth','group');
INSERT INTO django_content_type VALUES(4,'auth','user');
INSERT INTO django_content_type VALUES(5,'contenttypes','contenttype');
INSERT INTO django_content_type VALUES(6,'sessions','session');
INSERT INTO django_content_type VALUES(7,'leave','leave');
INSERT INTO django_content_type VALUES(8,'leave','leavetype');
INSERT INTO django_content_type VALUES(9,'leave','status');
INSERT INTO django_content_type VALUES(10,'leave','employee');
INSERT INTO django_content_type VALUES(11,'leave','department');
INSERT INTO django_content_type VALUES(12,'leave','approved_leave');
INSERT INTO django_content_type VALUES(13,'leave','branch');
INSERT INTO django_content_type VALUES(14,'leave','leave_balancer');
CREATE TABLE IF NOT EXISTS "auth_permission" ("id" integer NOT NULL PRIMARY KEY AUTOINCREMENT, "content_type_id" integer NOT NULL REFERENCES "django_content_type" ("id") DEFERRABLE INITIALLY DEFERRED, "codename" varchar(100) NOT NULL, "name" varchar(255) NOT NULL);
INSERT INTO auth_permission VALUES(1,1,'add_logentry','Can add log entry');
INSERT INTO auth_permission VALUES(2,1,'change_logentry','Can change log entry');
INSERT INTO auth_permission VALUES(3,1,'delete_logentry','Can delete log entry');
INSERT INTO auth_permission VALUES(4,1,'view_logentry','Can view log entry');
INSERT INTO auth_permission VALUES(5,2,'add_permission','Can add permission');
INSERT INTO auth_permission VALUES(6,2,'change_permission','Can change permission');
INSERT INTO auth_permission VALUES(7,2,'delete_permission','Can delete permission');
INSERT INTO auth_permission VALUES(8,2,'view_permission','Can view permission');
INSERT INTO auth_permission VALUES(9,3,'add_group','Can add group');
INSERT INTO auth_permission VALUES(10,3,'change_group','Can change group');
INSERT INTO auth_permission VALUES(11,3,'delete_group','Can delete group');
INSERT INTO auth_permission VALUES(12,3,'view_group','Can view group');
INSERT INTO auth_permission VALUES(13,4,'add_user','Can add user');
INSERT INTO auth_permission VALUES(14,4,'change_user','Can change user');
INSERT INTO auth_permission VALUES(15,4,'delete_user','Can delete user');
INSERT INTO auth_permission VALUES(16,4,'view_user','Can view user');
INSERT INTO auth_permission VALUES(17,5,'add_contenttype','Can add content type');
INSERT INTO auth_permission VALUES(18,5,'change_contenttype','Can change content type');
INSERT INTO auth_permission VALUES(19,5,'delete_contenttype','Can delete content type');
INSERT INTO auth_permission VALUES(20,5,'view_contenttype','Can view content type');
INSERT INTO auth_permission VALUES(21,6,'add_session','Can add session');
INSERT INTO auth_permission VALUES(22,6,'change_session','Can change session');
INSERT INTO auth_permission VALUES(23,6,'delete_session','Can delete session');
INSERT INTO auth_permission VALUES(24,6,'view_session','Can view session');
INSERT INTO auth_permission VALUES(25,7,'add_leave','Can add leave');
INSERT INTO auth_permission VALUES(26,7,'change_leave','Can change leave');
INSERT INTO auth_permission VALUES(27,7,'delete_leave','Can delete leave');
INSERT INTO auth_permission VALUES(28,7,'view_leave','Can view leave');
INSERT INTO auth_permission VALUES(29,8,'add_leavetype','Can add leave type');
INSERT INTO auth_permission VALUES(30,8,'change_leavetype','Can change leave type');
INSERT INTO auth_permission VALUES(31,8,'delete_leavetype','Can delete leave type');
INSERT INTO auth_permission VALUES(32,8,'view_leavetype','Can view leave type');
INSERT INTO auth_permission VALUES(33,9,'add_status','Can add status');
INSERT INTO auth_permission VALUES(34,9,'change_status','Can change status');
INSERT INTO auth_permission VALUES(35,9,'delete_status','Can delete status');
INSERT INTO auth_permission VALUES(36,9,'view_status','Can view status');
INSERT INTO auth_permission VALUES(37,10,'add_employee','Can add employee');
INSERT INTO auth_permission VALUES(38,10,'change_employee','Can change employee');
INSERT INTO auth_permission VALUES(39,10,'delete_employee','Can delete employee');
INSERT INTO auth_permission VALUES(40,10,'view_employee','Can view employee');
INSERT INTO auth_permission VALUES(41,11,'add_department','Can add department');
INSERT INTO auth_permission VALUES(42,11,'change_department','Can change department');
INSERT INTO auth_permission VALUES(43,11,'delete_department','Can delete department');
INSERT INTO auth_permission VALUES(44,11,'view_department','Can view department');
INSERT INTO auth_permission VALUES(45,12,'add_aprroved_leave','Can add aprroved_leave');
INSERT INTO auth_permission VALUES(46,12,'change_aprroved_leave','Can change aprroved_leave');
INSERT INTO auth_permission VALUES(47,12,'delete_aprroved_leave','Can delete aprroved_leave');
INSERT INTO auth_permission VALUES(48,12,'view_aprroved_leave','Can view aprroved_leave');
INSERT INTO auth_permission VALUES(49,13,'add_branch','Can add branch');
INSERT INTO auth_permission VALUES(50,13,'change_branch','Can change branch');
INSERT INTO auth_permission VALUES(51,13,'delete_branch','Can delete branch');
INSERT INTO auth_permission VALUES(52,13,'view_branch','Can view branch');
INSERT INTO auth_permission VALUES(53,14,'add_leave_balancer','Can add leave_balancer');
INSERT INTO auth_permission VALUES(54,14,'change_leave_balancer','Can change leave_balancer');
INSERT INTO auth_permission VALUES(55,14,'delete_leave_balancer','Can delete leave_balancer');
INSERT INTO auth_permission VALUES(56,14,'view_leave_balancer','Can view leave_balancer');
INSERT INTO auth_permission VALUES(57,12,'add_approved_leave','Can add approved_leave');
INSERT INTO auth_permission VALUES(58,12,'change_approved_leave','Can change approved_leave');
INSERT INTO auth_permission VALUES(59,12,'delete_approved_leave','Can delete approved_leave');
INSERT INTO auth_permission VALUES(60,12,'view_approved_leave','Can view approved_leave');
CREATE TABLE IF NOT EXISTS "auth_group" ("id" integer NOT NULL PRIMARY KEY AUTOINCREMENT, "name" varchar(150) NOT NULL UNIQUE);
INSERT INTO auth_group VALUES(1,'Manager');
CREATE TABLE IF NOT EXISTS "auth_user" ("id" integer NOT NULL PRIMARY KEY AUTOINCREMENT, "password" varchar(128) NOT NULL, "last_login" datetime NULL, "is_superuser" bool NOT NULL, "username" varchar(150) NOT NULL UNIQUE, "last_name" varchar(150) NOT NULL, "email" varchar(254) NOT NULL, "is_staff" bool NOT NULL, "is_active" bool NOT NULL, "date_joined" datetime NOT NULL, "first_name" varchar(150) NOT NULL);
INSERT INTO auth_user VALUES(4,'pbkdf2_sha256$260000$6jqEhXT9CMcfzFW9oCO1ri$RmjEoV3hibJm8gAv5gjjk1q0/uM401yLa28JGfPmYuY=','2024-06-20 06:10:39.219649',1,'admin','Abdulwahab','yakubtalib70@gmail.com',1,1,'2024-06-20 06:09:35','Talib');
INSERT INTO auth_user VALUES(5,'pbkdf2_sha256$600000$81SkzcO6fCHuYoDtYACaio$gfpZoLicn6CxLV9BgQ6wzuZ4BZ3A2X8Y3DVevB/WRvg=','2024-07-23 09:44:09.969220',1,'Rupal','vetylani','phones@brand.co.ke',1,1,'2024-06-28 16:48:42','Rupal');
INSERT INTO auth_user VALUES(17,'pbkdf2_sha256$600000$2GzPhnZqQeBWpju6Khp6l9$cU/MyraSHL6EHDcC1bAoFVb9x+VVKNK/G+aXu4h/xFE=','2024-07-23 09:43:50.632983',0,'talib','','',0,1,'2024-06-30 14:32:39.442632','');
INSERT INTO auth_user VALUES(18,'pbkdf2_sha256$600000$Rm8zlxUN1JDcJUuqvHmn7p$id4C7fJTYYn04Z6l84IDgWFQKYStpg/5YT94Og5f5WI=','2024-07-23 09:09:24.656213',0,'dinah','','',0,1,'2024-07-05 05:28:19.995368','');
INSERT INTO auth_user VALUES(19,'pbkdf2_sha256$720000$8cI60w2Z4Yatd5KD7B9xSc$niM0QyOZo2j3kIM3m1EG7Yg3+JGPjgBL91oocVA0R7M=','2024-07-05 08:52:25.074682',0,'bella','','',0,1,'2024-07-05 05:30:03.473182','');
CREATE TABLE IF NOT EXISTS "django_session" ("session_key" varchar(40) NOT NULL PRIMARY KEY, "session_data" text NOT NULL, "expire_date" datetime NOT NULL);
INSERT INTO django_session VALUES('20nh98po0gfk0zfgxgb4yxq21irah0e0','.eJxVjEEOwiAQRe_C2hCGlkJduu8ZCDMMUjWQlHZlvLtt0oVu_3vvv4UP25r91njxcxRXAeLyu2GgJ5cDxEco9yqplnWZUR6KPGmTU438up3u30EOLe-1SaozJpLtOCQcQCF2oGw_ApC2vcYRcYiGnXLs2LhkbQDeERKBtiQ-X92ZN_k:1sKiNB:v3Q3_NaCG9UXMlYMkjzufyQplOArkZ2zx1a-Hddxglw','2024-07-05 17:48:29.354681');
INSERT INTO django_session VALUES('8o4rezhq11blj7ajzy8453tpajcefhyt','.eJxVjMEOwiAQRP-FsyEFuggevfsNhF0WqRpISnsy_rtt0oOeJpn3Zt4ixHUpYe08hymJiwBx-u0w0pPrDtIj1nuT1OoyTyh3RR60y1tL_Loe7t9Bib1sawVZWafRgx-VBU0DpLN1rPWWBBEJ3KAMcCbF4NBgVJ6Nzskg8Yji8wXB-DfR:1sVvfE:8xiewhDIHCxwA9RbHgJjxZIEFhQnQY05jSt5zSUMg7M','2024-08-05 16:13:28.468257');
INSERT INTO django_session VALUES('ob05ffhckzfa3evdsqp7ja18bz1l0v89','.eJxVjDsOwjAQBe_iGll2_MOU9DmDtd5d4wBypDipEHeHSCmgfTPzXiLBtta0dV7SROIi9FmcfscM-OC2E7pDu80S57YuU5a7Ig_a5TgTP6-H-3dQoddvjWVAVBFBGRuAvXGI3jlSTDoqXTArCFwsUgjaFeOjHZiy1oatiazE-wMoMjiI:1sWBRg:xLwKVLQ21HJi8uWRSPCw9cDLbB6Ht2x_BFJo7ZxkSEs','2024-08-06 09:04:32.505732');
INSERT INTO django_session VALUES('gzcwshlahamu79mfq30e8heotl9vr5ct','.eJxVjDsOwjAQBe_iGll2_MOU9DmDtd5d4wBypDipEHeHSCmgfTPzXiLBtta0dV7SROIi9FmcfscM-OC2E7pDu80S57YuU5a7Ig_a5TgTP6-H-3dQoddvjWVAVBFBGRuAvXGI3jlSTDoqXTArCFwsUgjaFeOjHZiy1oatiazE-wMoMjiI:1sWBWO:AL1nhxZp2DfZkay5WTO-ZWt9jzbKNXZyCSpn8r3koqU','2024-08-06 09:09:24.662059');
INSERT INTO django_session VALUES('h6q6ii2ko560la5v5zvkfr7wi011abgw','.eJxVjMEOwiAQRP-FsyEFuggevfsNhF0WqRpISnsy_rtt0oOeJpn3Zt4ixHUpYe08hymJiwBx-u0w0pPrDtIj1nuT1OoyTyh3RR60y1tL_Loe7t9Bib1sawVZWafRgx-VBU0DpLN1rPWWBBEJ3KAMcCbF4NBgVJ6Nzskg8Yji8wXB-DfR:1sWC41:e0JvONpJ-EN_76GZuH6QL2IREAwUidfT23pDeYQGlKQ','2024-08-06 09:44:09.978448');
CREATE TABLE IF NOT EXISTS "leave_status" ("id" integer NOT NULL PRIMARY KEY AUTOINCREMENT, "status" varchar(255) NOT NULL);
INSERT INTO leave_status VALUES(1,'Pending');
INSERT INTO leave_status VALUES(2,'Accepted');
INSERT INTO leave_status VALUES(3,'Rejected');
CREATE TABLE IF NOT EXISTS "leave_department" ("id" integer NOT NULL PRIMARY KEY AUTOINCREMENT, "name" varchar(255) NOT NULL);
INSERT INTO leave_department VALUES(1,'sales Department');
INSERT INTO leave_department VALUES(2,'It department');
CREATE TABLE IF NOT EXISTS "leave_approved_leave" ("id" integer NOT NULL PRIMARY KEY AUTOINCREMENT, "approved_date" date NOT NULL, "approved_by_id" integer NOT NULL REFERENCES "auth_user" ("id") DEFERRABLE INITIALLY DEFERRED, "leaveid_id" bigint NOT NULL REFERENCES "leave_leave" ("id") DEFERRABLE INITIALLY DEFERRED);
CREATE TABLE IF NOT EXISTS "leave_branch" ("id" integer NOT NULL PRIMARY KEY AUTOINCREMENT, "name" varchar(255) NOT NULL, "location" varchar(255) NOT NULL);
INSERT INTO leave_branch VALUES(1,'HQ','babadogo');
INSERT INTO leave_branch VALUES(2,'Service center','babadogo');
CREATE TABLE IF NOT EXISTS "leave_leavetype" ("id" integer NOT NULL PRIMARY KEY AUTOINCREMENT, "name" varchar(200) NOT NULL, "Number_of_days" integer NOT NULL);
INSERT INTO leave_leavetype VALUES(4,'sick leave',6);
INSERT INTO leave_leavetype VALUES(5,'unpaid leave',364);
INSERT INTO leave_leavetype VALUES(6,'paternity',14);
INSERT INTO leave_leavetype VALUES(7,'maternity',60);
INSERT INTO leave_leavetype VALUES(8,'Annual leave',21);
CREATE TABLE IF NOT EXISTS "leave_employee" ("id" integer NOT NULL PRIMARY KEY AUTOINCREMENT, "First_Name" varchar(100) NOT NULL, "Last_name" varchar(100) NOT NULL, "Email" varchar(254) NOT NULL UNIQUE, "department_id" bigint NOT NULL REFERENCES "leave_department" ("id") DEFERRABLE INITIALLY DEFERRED, "phone_number" integer NOT NULL UNIQUE, "position" varchar(100) NOT NULL, "branch_id" bigint NOT NULL REFERENCES "leave_branch" ("id") DEFERRABLE INITIALLY DEFERRED, "staff_id" integer NOT NULL, "user_id" integer NULL UNIQUE REFERENCES "auth_user" ("id") DEFERRABLE INITIALLY DEFERRED, "date_joined" date NULL);
INSERT INTO leave_employee VALUES(10,'Talib','Abdulwahab','blah23@gmail.com',1,700445982,'',1,2345,17,NULL);
INSERT INTO leave_employee VALUES(11,'Dinah','Nyakoa','dinah@gmail.com',1,7283782,'Hr manager',2,2123,18,'2022-11-15');
INSERT INTO leave_employee VALUES(12,'Bella','nandha','operations@fonexpress.net',2,700445983,'',1,2123,19,NULL);
CREATE TABLE IF NOT EXISTS "leave_leave_balancer" ("id" integer NOT NULL PRIMARY KEY AUTOINCREMENT, "remaining_days" integer NOT NULL, "leave_type_id" bigint NOT NULL REFERENCES "leave_leavetype" ("id") DEFERRABLE INITIALLY DEFERRED, "carry_forward_days" integer NOT NULL, "employee_id" bigint NOT NULL REFERENCES "leave_employee" ("id") DEFERRABLE INITIALLY DEFERRED);
INSERT INTO leave_leave_balancer VALUES(12,12,4,0,10);
INSERT INTO leave_leave_balancer VALUES(13,0,5,0,10);
INSERT INTO leave_leave_balancer VALUES(14,14,6,0,10);
INSERT INTO leave_leave_balancer VALUES(15,60,7,0,10);
INSERT INTO leave_leave_balancer VALUES(16,10,8,0,10);
INSERT INTO leave_leave_balancer VALUES(17,12,4,0,11);
INSERT INTO leave_leave_balancer VALUES(18,364,5,0,11);
INSERT INTO leave_leave_balancer VALUES(19,14,6,0,11);
INSERT INTO leave_leave_balancer VALUES(20,60,7,0,11);
INSERT INTO leave_leave_balancer VALUES(21,21,8,0,11);
INSERT INTO leave_leave_balancer VALUES(22,6,4,0,12);
INSERT INTO leave_leave_balancer VALUES(23,0,5,0,12);
INSERT INTO leave_leave_balancer VALUES(24,14,6,0,12);
INSERT INTO leave_leave_balancer VALUES(25,60,7,0,12);
INSERT INTO leave_leave_balancer VALUES(26,9,8,0,12);
CREATE TABLE IF NOT EXISTS "leave_leave" ("id" integer NOT NULL PRIMARY KEY AUTOINCREMENT, "reason" varchar(255) NOT NULL, "start_date" date NOT NULL, "end_date" date NOT NULL, "person_covering" varchar(255) NOT NULL, "leave_type_id" bigint NOT NULL REFERENCES "leave_leavetype" ("id") DEFERRABLE INITIALLY DEFERRED, "status_id" bigint NOT NULL REFERENCES "leave_status" ("id") DEFERRABLE INITIALLY DEFERRED, "duration" integer NOT NULL, "employee_id" bigint NOT NULL REFERENCES "leave_employee" ("id") DEFERRABLE INITIALLY DEFERRED, "image" varchar(100) NULL);
INSERT INTO leave_leave VALUES(31,'Bab','2024-07-24','2024-07-29','Bsbs',8,1,5,11,'');
DELETE FROM sqlite_sequence;
INSERT INTO sqlite_sequence VALUES('django_migrations',36);
INSERT INTO sqlite_sequence VALUES('django_admin_log',85);
INSERT INTO sqlite_sequence VALUES('django_content_type',14);
INSERT INTO sqlite_sequence VALUES('auth_permission',60);
INSERT INTO sqlite_sequence VALUES('auth_group',1);
INSERT INTO sqlite_sequence VALUES('auth_user',19);
INSERT INTO sqlite_sequence VALUES('leave_status',3);
INSERT INTO sqlite_sequence VALUES('auth_group_permissions',36);
INSERT INTO sqlite_sequence VALUES('auth_user_groups',3);
INSERT INTO sqlite_sequence VALUES('leave_leavetype',8);
INSERT INTO sqlite_sequence VALUES('leave_department',2);
INSERT INTO sqlite_sequence VALUES('leave_branch',2);
INSERT INTO sqlite_sequence VALUES('leave_approved_leave',20);
INSERT INTO sqlite_sequence VALUES('leave_employee',12);
INSERT INTO sqlite_sequence VALUES('leave_leave_balancer',26);
INSERT INTO sqlite_sequence VALUES('leave_leave',31);
CREATE UNIQUE INDEX "auth_group_permissions_group_id_permission_id_0cd325b0_uniq" ON "auth_group_permissions" ("group_id", "permission_id");
CREATE INDEX "auth_group_permissions_group_id_b120cbf9" ON "auth_group_permissions" ("group_id");
CREATE INDEX "auth_group_permissions_permission_id_84c5c92e" ON "auth_group_permissions" ("permission_id");
CREATE UNIQUE INDEX "auth_user_groups_user_id_group_id_94350c0c_uniq" ON "auth_user_groups" ("user_id", "group_id");
CREATE INDEX "auth_user_groups_user_id_6a12ed8b" ON "auth_user_groups" ("user_id");
CREATE INDEX "auth_user_groups_group_id_97559544" ON "auth_user_groups" ("group_id");
CREATE UNIQUE INDEX "auth_user_user_permissions_user_id_permission_id_14a6b632_uniq" ON "auth_user_user_permissions" ("user_id", "permission_id");
CREATE INDEX "auth_user_user_permissions_user_id_a95ead1b" ON "auth_user_user_permissions" ("user_id");
CREATE INDEX "auth_user_user_permissions_permission_id_1fbb5f2c" ON "auth_user_user_permissions" ("permission_id");
CREATE INDEX "django_admin_log_content_type_id_c4bce8eb" ON "django_admin_log" ("content_type_id");
CREATE INDEX "django_admin_log_user_id_c564eba6" ON "django_admin_log" ("user_id");
CREATE UNIQUE INDEX "django_content_type_app_label_model_76bd3d3b_uniq" ON "django_content_type" ("app_label", "model");
CREATE UNIQUE INDEX "auth_permission_content_type_id_codename_01ab375a_uniq" ON "auth_permission" ("content_type_id", "codename");
CREATE INDEX "auth_permission_content_type_id_2f476e4b" ON "auth_permission" ("content_type_id");
CREATE INDEX "django_session_expire_date_a5c62663" ON "django_session" ("expire_date");
CREATE INDEX "leave_aprroved_leave_approved_by_id_0eb4f205" ON "leave_approved_leave" ("approved_by_id");
CREATE INDEX "leave_aprroved_leave_leaveid_id_23e4d74a" ON "leave_approved_leave" ("leaveid_id");
CREATE INDEX "leave_employee_department_id_ff8f5c6c" ON "leave_employee" ("department_id");
CREATE INDEX "leave_employee_branch_id_1fd74451" ON "leave_employee" ("branch_id");
CREATE INDEX "leave_leave_balancer_leave_type_id_e38fd393" ON "leave_leave_balancer" ("leave_type_id");
CREATE INDEX "leave_leave_balancer_employee_id_e50703e2" ON "leave_leave_balancer" ("employee_id");
CREATE INDEX "leave_leave_leave_type_id_253172e3" ON "leave_leave" ("leave_type_id");
CREATE INDEX "leave_leave_status_id_44d521a9" ON "leave_leave" ("status_id");
CREATE INDEX "leave_leave_employee_id_f7ba3960" ON "leave_leave" ("employee_id");
COMMIT;
